,img_links
0,https://i.pinimg.com/236x/29/64/50/296450e744a3f703a831758b2d9eeda2.jpg
1,https://i.pinimg.com/236x/29/64/50/296450e744a3f703a831758b2d9eeda2.jpg
2,https://i.pinimg.com/236x/29/64/50/296450e744a3f703a831758b2d9eeda2.jpg
3,https://i.pinimg.com/236x/29/64/50/296450e744a3f703a831758b2d9eeda2.jpg
4,https://i.pinimg.com/236x/29/64/50/296450e744a3f703a831758b2d9eeda2.jpg
5,https://i.pinimg.com/236x/29/64/50/296450e744a3f703a831758b2d9eeda2.jpg
6,https://i.pinimg.com/236x/29/64/50/296450e744a3f703a831758b2d9eeda2.jpg
7,https://i.pinimg.com/236x/29/64/50/296450e744a3f703a831758b2d9eeda2.jpg
8,https://i.pinimg.com/236x/29/64/50/296450e744a3f703a831758b2d9eeda2.jpg
9,https://i.pinimg.com/236x/29/64/50/296450e744a3f703a831758b2d9eeda2.jpg
10,https://i.pinimg.com/236x/29/64/50/296450e744a3f703a831758b2d9eeda2.jpg
11,https://i.pinimg.com/236x/29/64/50/296450e744a3f703a831758b2d9eeda2.jpg
12,https://i.pinimg.com/236x/29/64/50/296450e744a3f703a831758b2d9eeda2.jpg
13,https://i.pinimg.com/236x/29/64/50/296450e744a3f703a831758b2d9eeda2.jpg
14,https://i.pinimg.com/236x/29/64/50/296450e744a3f703a831758b2d9eeda2.jpg
15,https://i.pinimg.com/236x/29/64/50/296450e744a3f703a831758b2d9eeda2.jpg
16,https://i.pinimg.com/236x/29/64/50/296450e744a3f703a831758b2d9eeda2.jpg
17,https://i.pinimg.com/236x/29/64/50/296450e744a3f703a831758b2d9eeda2.jpg
18,https://i.pinimg.com/236x/29/64/50/296450e744a3f703a831758b2d9eeda2.jpg
19,https://i.pinimg.com/236x/29/64/50/296450e744a3f703a831758b2d9eeda2.jpg
20,https://i.pinimg.com/236x/50/99/0a/50990aaef0f8fc7f0c3d4206dbda1f83.jpg
21,https://i.pinimg.com/236x/50/99/0a/50990aaef0f8fc7f0c3d4206dbda1f83.jpg
22,https://i.pinimg.com/236x/50/99/0a/50990aaef0f8fc7f0c3d4206dbda1f83.jpg
23,https://i.pinimg.com/236x/50/99/0a/50990aaef0f8fc7f0c3d4206dbda1f83.jpg
24,https://i.pinimg.com/236x/50/99/0a/50990aaef0f8fc7f0c3d4206dbda1f83.jpg
25,https://i.pinimg.com/236x/50/99/0a/50990aaef0f8fc7f0c3d4206dbda1f83.jpg
26,https://i.pinimg.com/236x/50/99/0a/50990aaef0f8fc7f0c3d4206dbda1f83.jpg
27,https://i.pinimg.com/236x/50/99/0a/50990aaef0f8fc7f0c3d4206dbda1f83.jpg
28,https://i.pinimg.com/236x/50/99/0a/50990aaef0f8fc7f0c3d4206dbda1f83.jpg
29,https://i.pinimg.com/236x/50/99/0a/50990aaef0f8fc7f0c3d4206dbda1f83.jpg
30,https://i.pinimg.com/236x/50/99/0a/50990aaef0f8fc7f0c3d4206dbda1f83.jpg
31,https://i.pinimg.com/236x/50/99/0a/50990aaef0f8fc7f0c3d4206dbda1f83.jpg
32,https://i.pinimg.com/236x/50/99/0a/50990aaef0f8fc7f0c3d4206dbda1f83.jpg
33,https://i.pinimg.com/236x/50/99/0a/50990aaef0f8fc7f0c3d4206dbda1f83.jpg
34,https://i.pinimg.com/236x/50/99/0a/50990aaef0f8fc7f0c3d4206dbda1f83.jpg
35,https://i.pinimg.com/236x/50/99/0a/50990aaef0f8fc7f0c3d4206dbda1f83.jpg
36,https://i.pinimg.com/236x/50/99/0a/50990aaef0f8fc7f0c3d4206dbda1f83.jpg
37,https://i.pinimg.com/236x/50/99/0a/50990aaef0f8fc7f0c3d4206dbda1f83.jpg
38,https://i.pinimg.com/236x/50/99/0a/50990aaef0f8fc7f0c3d4206dbda1f83.jpg
39,https://i.pinimg.com/236x/68/cf/04/68cf049deecbb13554b41be90b5e0125.jpg
40,https://i.pinimg.com/236x/68/cf/04/68cf049deecbb13554b41be90b5e0125.jpg
41,https://i.pinimg.com/236x/68/cf/04/68cf049deecbb13554b41be90b5e0125.jpg
42,https://i.pinimg.com/236x/68/cf/04/68cf049deecbb13554b41be90b5e0125.jpg
43,https://i.pinimg.com/236x/68/cf/04/68cf049deecbb13554b41be90b5e0125.jpg
44,https://i.pinimg.com/236x/68/cf/04/68cf049deecbb13554b41be90b5e0125.jpg
45,https://i.pinimg.com/236x/68/cf/04/68cf049deecbb13554b41be90b5e0125.jpg
46,https://i.pinimg.com/236x/68/cf/04/68cf049deecbb13554b41be90b5e0125.jpg
47,https://i.pinimg.com/236x/68/cf/04/68cf049deecbb13554b41be90b5e0125.jpg
48,https://i.pinimg.com/236x/68/cf/04/68cf049deecbb13554b41be90b5e0125.jpg
49,https://i.pinimg.com/236x/68/cf/04/68cf049deecbb13554b41be90b5e0125.jpg
50,https://i.pinimg.com/236x/cd/d5/30/cdd530b6868a2fbb7cacd9d744a70301.jpg
51,https://i.pinimg.com/236x/cd/d5/30/cdd530b6868a2fbb7cacd9d744a70301.jpg
52,https://i.pinimg.com/236x/cd/d5/30/cdd530b6868a2fbb7cacd9d744a70301.jpg
53,https://i.pinimg.com/236x/cd/d5/30/cdd530b6868a2fbb7cacd9d744a70301.jpg
54,https://i.pinimg.com/236x/cd/d5/30/cdd530b6868a2fbb7cacd9d744a70301.jpg
55,https://i.pinimg.com/236x/cd/d5/30/cdd530b6868a2fbb7cacd9d744a70301.jpg
56,https://i.pinimg.com/236x/cd/d5/30/cdd530b6868a2fbb7cacd9d744a70301.jpg
57,https://i.pinimg.com/236x/cd/d5/30/cdd530b6868a2fbb7cacd9d744a70301.jpg
58,https://i.pinimg.com/236x/cd/d5/30/cdd530b6868a2fbb7cacd9d744a70301.jpg
59,https://i.pinimg.com/236x/cd/d5/30/cdd530b6868a2fbb7cacd9d744a70301.jpg
60,https://i.pinimg.com/236x/cd/d5/30/cdd530b6868a2fbb7cacd9d744a70301.jpg
61,https://i.pinimg.com/236x/cd/d5/30/cdd530b6868a2fbb7cacd9d744a70301.jpg
62,https://i.pinimg.com/236x/cd/d5/30/cdd530b6868a2fbb7cacd9d744a70301.jpg
63,https://i.pinimg.com/236x/cd/d5/30/cdd530b6868a2fbb7cacd9d744a70301.jpg
64,https://i.pinimg.com/236x/cd/d5/30/cdd530b6868a2fbb7cacd9d744a70301.jpg
65,https://i.pinimg.com/236x/cd/d5/30/cdd530b6868a2fbb7cacd9d744a70301.jpg
66,https://i.pinimg.com/236x/cd/d5/30/cdd530b6868a2fbb7cacd9d744a70301.jpg
67,https://i.pinimg.com/236x/cd/d5/30/cdd530b6868a2fbb7cacd9d744a70301.jpg
68,https://i.pinimg.com/236x/cd/d5/30/cdd530b6868a2fbb7cacd9d744a70301.jpg
69,https://i.pinimg.com/236x/cd/d5/30/cdd530b6868a2fbb7cacd9d744a70301.jpg
70,https://i.pinimg.com/236x/3d/d9/da/3dd9da93a5d3be87f7473b6d0e56907e--mens-fashion-blog-fashion-fashion.jpg
71,https://i.pinimg.com/236x/3d/d9/da/3dd9da93a5d3be87f7473b6d0e56907e--mens-fashion-blog-fashion-fashion.jpg
72,https://i.pinimg.com/236x/3d/d9/da/3dd9da93a5d3be87f7473b6d0e56907e--mens-fashion-blog-fashion-fashion.jpg
73,https://i.pinimg.com/236x/3d/d9/da/3dd9da93a5d3be87f7473b6d0e56907e--mens-fashion-blog-fashion-fashion.jpg
74,https://i.pinimg.com/236x/3d/d9/da/3dd9da93a5d3be87f7473b6d0e56907e--mens-fashion-blog-fashion-fashion.jpg
75,https://i.pinimg.com/236x/3d/d9/da/3dd9da93a5d3be87f7473b6d0e56907e--mens-fashion-blog-fashion-fashion.jpg
76,https://i.pinimg.com/236x/3d/d9/da/3dd9da93a5d3be87f7473b6d0e56907e--mens-fashion-blog-fashion-fashion.jpg
77,https://i.pinimg.com/236x/3d/d9/da/3dd9da93a5d3be87f7473b6d0e56907e--mens-fashion-blog-fashion-fashion.jpg
78,https://i.pinimg.com/236x/3d/d9/da/3dd9da93a5d3be87f7473b6d0e56907e--mens-fashion-blog-fashion-fashion.jpg
79,https://i.pinimg.com/236x/3d/d9/da/3dd9da93a5d3be87f7473b6d0e56907e--mens-fashion-blog-fashion-fashion.jpg
80,https://i.pinimg.com/236x/3d/d9/da/3dd9da93a5d3be87f7473b6d0e56907e--mens-fashion-blog-fashion-fashion.jpg
81,https://i.pinimg.com/236x/3d/d9/da/3dd9da93a5d3be87f7473b6d0e56907e--mens-fashion-blog-fashion-fashion.jpg
82,https://i.pinimg.com/236x/3d/d9/da/3dd9da93a5d3be87f7473b6d0e56907e--mens-fashion-blog-fashion-fashion.jpg
83,https://i.pinimg.com/236x/3d/d9/da/3dd9da93a5d3be87f7473b6d0e56907e--mens-fashion-blog-fashion-fashion.jpg
84,https://i.pinimg.com/236x/3d/d9/da/3dd9da93a5d3be87f7473b6d0e56907e--mens-fashion-blog-fashion-fashion.jpg
85,https://i.pinimg.com/236x/3d/d9/da/3dd9da93a5d3be87f7473b6d0e56907e--mens-fashion-blog-fashion-fashion.jpg
86,https://i.pinimg.com/236x/3d/d9/da/3dd9da93a5d3be87f7473b6d0e56907e--mens-fashion-blog-fashion-fashion.jpg
87,https://i.pinimg.com/236x/3d/d9/da/3dd9da93a5d3be87f7473b6d0e56907e--mens-fashion-blog-fashion-fashion.jpg
88,https://i.pinimg.com/236x/3d/d9/da/3dd9da93a5d3be87f7473b6d0e56907e--mens-fashion-blog-fashion-fashion.jpg
89,https://i.pinimg.com/236x/3d/d9/da/3dd9da93a5d3be87f7473b6d0e56907e--mens-fashion-blog-fashion-fashion.jpg
